"DATASET","SERIES_CODE","OBS_MEASURE","COUNTRY","2015","2016","2017","2018","2019","2020","2021","2022","2023","2024"
"IMF.RES:WEO(6.0.0)","HND.PPPEX.A","OBS_VALUE","Honduras","9.562","9.821","10.083","10.458","10.601","10.535","10.59","10.806","11.075","11.313"
"IMF.RES:WEO(6.0.0)","ATG.PPPEX.A","OBS_VALUE","Antigua and Barbuda","2.201","2.17","2.138","2.012","1.922","1.855","1.819","1.809","1.834","1.897"
"IMF.RES:WEO(6.0.0)","KHM.PPPEX.A","OBS_VALUE","Cambodia","1451.734","1460.792","1464.891","1468.922","1468.903","1433.769","1426.96","1378.817","1373.108","1380.354"
"IMF.RES:WEO(6.0.0)","MHL.PPPEX.A","OBS_VALUE","Marshall Islands, Republic of the","1.053","1.118","1.123","1.072","1.01","1.065","1.077","0.995","1.023","1.024"
"IMF.RES:WEO(6.0.0)","AGO.PPPEX.A","OBS_VALUE","Angola","65.864","78.862","95.837","111.442","124.44","146.909","174.091","191.999","210.203","265.193"
"IMF.RES:WEO(6.0.0)","BEL.PPPEX.A","OBS_VALUE","Belgium","0.768","0.775","0.776","0.766","0.736","0.716","0.706","0.698","0.701","0.703"
"IMF.RES:WEO(6.0.0)","SLV.PPPEX.A","OBS_VALUE","El Salvador","0.453","0.452","0.448","0.455","0.443","0.426","0.429","0.43","0.426","0.426"
"IMF.RES:WEO(6.0.0)","CZE.PPPEX.A","OBS_VALUE","Czech Republic","12.372","12.438","12.425","12.372","12.097","12.15","12.009","12.182","12.718","12.751"
"IMF.RES:WEO(6.0.0)","ARG.PPPEX.A","OBS_VALUE","Argentina","5.948","8.315","10.293","13.527","20.384","26.887","38.783","61.499","139.722","456.715"
"IMF.RES:WEO(6.0.0)","BGR.PPPEX.A","OBS_VALUE","Bulgaria","0.642","0.657","0.676","0.68","0.676","0.675","0.687","0.745","0.773","0.782"
"IMF.RES:WEO(6.0.0)","ALB.PPPEX.A","OBS_VALUE","Albania","43.072","42.397","42.255","42.303","40.55","40.21","40.594","41.631","42.01","42.027"
"IMF.RES:WEO(6.0.0)","PNG.PPPEX.A","OBS_VALUE","Papua New Guinea","2.156","2.189","2.316","2.486","2.472","2.479","2.653","2.859","2.685","2.773"
"IMF.RES:WEO(6.0.0)","AFG.PPPEX.A","OBS_VALUE","Afghanistan, Islamic Republic of","15.856","15.328","15.42","14.856","15.026","15.335","14.588","14.898","14.806",""
"IMF.RES:WEO(6.0.0)","AUT.PPPEX.A","OBS_VALUE","Austria","0.774","0.781","0.775","0.765","0.738","0.729","0.713","0.701","0.73","0.737"
"IMF.RES:WEO(6.0.0)","AZE.PPPEX.A","OBS_VALUE","Azerbaijan, Republic of","0.385","0.437","0.499","0.527","0.49","0.474","0.457","0.586","0.513","0.508"
"IMF.RES:WEO(6.0.0)","DMA.PPPEX.A","OBS_VALUE","Dominica","1.788","1.837","1.749","1.651","1.6","1.484","1.431","1.383","1.373","1.379"
"IMF.RES:WEO(6.0.0)","SUR.PPPEX.A","OBS_VALUE","Suriname","1.666","2.048","2.578","2.786","2.649","3.731","5.368","7.207","10.521","11.801"
"IMF.RES:WEO(6.0.0)","GRC.PPPEX.A","OBS_VALUE","Greece","0.593","0.584","0.575","0.565","0.541","0.53","0.52","0.524","0.528","0.531"
"IMF.RES:WEO(6.0.0)","MYS.PPPEX.A","OBS_VALUE","Malaysia","1.564","1.575","1.606","1.583","1.563","1.523","1.515","1.505","1.425","1.458"
"IMF.RES:WEO(6.0.0)","LAO.PPPEX.A","OBS_VALUE","Lao People's Democratic Republic","2750.925","2807.403","2808.075","2855.975","2902.381","2953.514","3031.697","3328.008","3986.27","4462.388"
"IMF.RES:WEO(6.0.0)","UZB.PPPEX.A","OBS_VALUE","Uzbekistan, Republic of","1011.162","1091.095","1432.907","1799.892","2111.32","2353.383","2591.112","2768.48","3010.589","3319.668"
"IMF.RES:WEO(6.0.0)","ESP.PPPEX.A","OBS_VALUE","Spain","0.638","0.634","0.631","0.632","0.604","0.606","0.591","0.578","0.592","0.596"
"IMF.RES:WEO(6.0.0)","ARM.PPPEX.A","OBS_VALUE","Armenia, Republic of","155.308","154.267","154.787","157.377","147.486","141.941","148.241","149.468","148.11","146.628"
"IMF.RES:WEO(6.0.0)","ABW.PPPEX.A","OBS_VALUE","Aruba, Kingdom of the Netherlands","1.454","1.426","1.357","1.371","1.423","1.412","1.364","1.317","1.343","1.342"
"IMF.RES:WEO(6.0.0)","AND.PPPEX.A","OBS_VALUE","Andorra, Principality of","0.687","0.683","0.678","0.656","0.641","0.628","0.605","0.588","0.601","0.611"
"IMF.RES:WEO(6.0.0)","DZA.PPPEX.A","OBS_VALUE","Algeria","36.371","36.343","37.458","38.877","38.389","37.439","38.763","44.457","41.945","43.046"
"IMF.RES:WEO(6.0.0)","CMR.PPPEX.A","OBS_VALUE","Cameroon","232.872","232.333","230.585","223.166","214.873","205.107","193.459","192.92","194.896","196.992"
"IMF.RES:WEO(6.0.0)","COM.PPPEX.A","OBS_VALUE","Comoros, Union of the","186.397","187.809","185.248","194.228","201.543","201.676","191.481","188.195","186.938","189.872"
"IMF.RES:WEO(6.0.0)","BHR.PPPEX.A","OBS_VALUE","Bahrain, Kingdom of","0.182","0.181","0.186","0.19","0.181","0.171","0.186","0.187","0.173","0.17"
"IMF.RES:WEO(6.0.0)","CAN.PPPEX.A","OBS_VALUE","Canada","1.206","1.203","1.212","1.207","1.218","1.202","1.18","1.186","1.162","1.169"
"IMF.RES:WEO(6.0.0)","BDI.PPPEX.A","OBS_VALUE","Burundi","571.845","571.903","626.168","605.948","582.196","595.614","609.599","673.417","865.229","989.644"
"IMF.RES:WEO(6.0.0)","BGD.PPPEX.A","OBS_VALUE","Bangladesh","26.902","28.441","29.351","29.398","29.596","28.71","28.297","27.747","28.631","29.578"
"IMF.RES:WEO(6.0.0)","TCD.PPPEX.A","OBS_VALUE","Chad","246.843","241.77","236.583","236.522","222.573","228.273","215.511","222.536","216.043","216.977"
"IMF.RES:WEO(6.0.0)","BTN.PPPEX.A","OBS_VALUE","Bhutan","18.195","18.704","19.158","19.427","19.512","18.958","19.61","19.526","19.696","20.112"
"IMF.RES:WEO(6.0.0)","DOM.PPPEX.A","OBS_VALUE","Dominican Republic","20.227","20.436","20.916","21.689","21.235","21.229","22.125","22.865","23.489","23.844"
"IMF.RES:WEO(6.0.0)","BLZ.PPPEX.A","OBS_VALUE","Belize","1.301","1.315","1.331","1.266","1.176","1.087","1.049","1.041","1.078","1.087"
"IMF.RES:WEO(6.0.0)","BRA.PPPEX.A","OBS_VALUE","Brazil","2.026","2.17","2.21","2.198","2.216","2.265","2.379","2.411","2.436","2.47"
"IMF.RES:WEO(6.0.0)","BLR.PPPEX.A","OBS_VALUE","Belarus, Republic of","0.53","0.569","0.607","0.647","0.641","0.642","0.689","0.745","0.782","0.803"
"IMF.RES:WEO(6.0.0)","CHN.PPPEX.A","OBS_VALUE","China, People's Republic of","3.961","3.958","4.04","4.094","4.06","4.015","3.987","3.796","3.642","3.547"
"IMF.RES:WEO(6.0.0)","COG.PPPEX.A","OBS_VALUE","Congo, Republic of","272.413","261.741","288.932","267.578","254.912","240.513","222.775","239.348","223.934","226.323"
"IMF.RES:WEO(6.0.0)","BWA.PPPEX.A","OBS_VALUE","Botswana","4.417","4.896","4.682","4.787","4.833","4.737","4.82","5.157","5.083","5.063"
"IMF.RES:WEO(6.0.0)","BFA.PPPEX.A","OBS_VALUE","Burkina Faso","199.188","202.443","201.595","208.284","200.763","199.517","199.725","197.88","193.745","193.423"
"IMF.RES:WEO(6.0.0)","CAF.PPPEX.A","OBS_VALUE","Central African Republic","266.263","271.619","284.034","279.155","267.259","249.863","241.881","240.15","239.805","247.883"
"IMF.RES:WEO(6.0.0)","DNK.PPPEX.A","OBS_VALUE","Denmark","6.955","6.919","6.872","6.766","6.538","6.365","6.232","6.347","5.894","5.722"
"IMF.RES:WEO(6.0.0)","CPV.PPPEX.A","OBS_VALUE","Cabo Verde","47.87","48.216","47.982","50.68","49.907","49.993","48.17","48.358","48.516","48.229"
"IMF.RES:WEO(6.0.0)","BRB.PPPEX.A","OBS_VALUE","Barbados","2.209","2.167","2.2","2.162","2.194","2.319","2.384","2.24","2.231","2.247"
"IMF.RES:WEO(6.0.0)","BIH.PPPEX.A","OBS_VALUE","Bosnia and Herzegovina","0.678","0.681","0.681","0.674","0.651","0.643","0.651","0.679","0.692","0.692"
"IMF.RES:WEO(6.0.0)","BEN.PPPEX.A","OBS_VALUE","Benin","217.44","216.866","212.266","215.738","210.405","212.435","211.107","205.213","204.791","204.112"
"IMF.RES:WEO(6.0.0)","BOL.PPPEX.A","OBS_VALUE","Bolivia","2.637","2.576","2.685","2.702","2.639","2.583","2.474","2.428","2.332","2.375"
"IMF.RES:WEO(6.0.0)","COD.PPPEX.A","OBS_VALUE","Congo, Democratic Republic of the","438.073","453.32","637.266","801.573","786.309","827.004","845.451","835.553","922.365","1086.284"
"IMF.RES:WEO(6.0.0)","BHS.PPPEX.A","OBS_VALUE","Bahamas, The","0.928","0.934","0.93","0.927","0.931","0.962","0.978","0.952","0.977","0.968"
"IMF.RES:WEO(6.0.0)","CRI.PPPEX.A","OBS_VALUE","Costa Rica","334.113","337.451","340.992","337.902","324.217","328.024","330.139","327.523","315.868","309.981"
"IMF.RES:WEO(6.0.0)","COL.PPPEX.A","OBS_VALUE","Colombia","1234.455","1285.792","1328.017","1322.161","1312.63","1270.744","1316.324","1411.394","1448.688","1489.976"
"IMF.RES:WEO(6.0.0)","AUS.PPPEX.A","OBS_VALUE","Australia","1.453","1.451","1.478","1.47","1.459","1.431","1.417","1.431","1.43","1.435"
"IMF.RES:WEO(6.0.0)","CIV.PPPEX.A","OBS_VALUE","Côte d'Ivoire","255.54","250.15","243.186","239.319","227.483","226.309","225.289","214.682","213.28","214.086"
"IMF.RES:WEO(6.0.0)","CHL.PPPEX.A","OBS_VALUE","Chile","372.833","386.167","397.689","396.229","397.674","409.842","423.046","426.144","438.488","452.907"
"IMF.RES:WEO(6.0.0)","BRN.PPPEX.A","OBS_VALUE","Brunei Darussalam","0.677","0.609","0.628","0.642","0.599","0.531","0.532","0.618","0.519","0.511"
"IMF.RES:WEO(6.0.0)","CYP.PPPEX.A","OBS_VALUE","Cyprus","0.629","0.62","0.615","0.612","0.588","0.579","0.571","0.566","0.572","0.579"
"IMF.RES:WEO(6.0.0)","HRV.PPPEX.A","OBS_VALUE","Croatia, Republic of","0.448","0.444","0.441","0.439","0.42","0.41","0.407","0.413","0.433","0.44"
"IMF.RES:WEO(6.0.0)","SWZ.PPPEX.A","OBS_VALUE","Eswatini, Kingdom of","5.594","5.943","5.983","6.162","6.115","6.12","5.895","5.987","6.297","6.319"
"IMF.RES:WEO(6.0.0)","HUN.PPPEX.A","OBS_VALUE","Hungary","132.622","133.109","136.037","139.092","138.797","141.838","147.108","156.86","173.743","178.749"
"IMF.RES:WEO(6.0.0)","GHA.PPPEX.A","OBS_VALUE","Ghana","1.358","1.558","1.694","1.819","1.9","2.033","2.149","2.571","3.302","3.791"
"IMF.RES:WEO(6.0.0)","ISL.PPPEX.A","OBS_VALUE","Iceland","137.66","139.447","138.277","140.97","138.668","143.253","141.92","144.246","147.171","150.032"
"IMF.RES:WEO(6.0.0)","ERI.PPPEX.A","OBS_VALUE","Eritrea, The State of","5.775","5.742","5.393","4.961","4.691","","","","",""
"IMF.RES:WEO(6.0.0)","DJI.PPPEX.A","OBS_VALUE","Djibouti","101.39","100.74","99.524","95.032","93.41","91.478","90.228","89.223","86.654","85.851"
"IMF.RES:WEO(6.0.0)","GUY.PPPEX.A","OBS_VALUE","Guyana","103.941","103.888","104.212","100.972","100.87","83.994","89.915","98.076","83.55","76.652"
"IMF.RES:WEO(6.0.0)","EGY.PPPEX.A","OBS_VALUE","Egypt, Arab Republic of","2.495","2.633","3.169","3.581","3.893","3.695","3.855","3.971","4.784","6.197"
"IMF.RES:WEO(6.0.0)","IRN.PPPEX.A","OBS_VALUE","Iran, Islamic Republic of","10853.547","11761.995","13061.295","16923.199","23549.041","32954.586","50488.172","70968.141","89391.687","116640.525"
"IMF.RES:WEO(6.0.0)","GRD.PPPEX.A","OBS_VALUE","Grenada","1.726","1.755","1.75","1.704","1.718","1.686","1.698","1.62","1.606","1.602"
"IMF.RES:WEO(6.0.0)","GIN.PPPEX.A","OBS_VALUE","Guinea","2484.438","2600.568","2819.406","2956.569","3049.658","3024.846","3108.344","2982.894","3131.48","3394.302"
"IMF.RES:WEO(6.0.0)","GNB.PPPEX.A","OBS_VALUE","Guinea-Bissau","197.699","201.402","218.428","218.223","211.497","208.34","203.716","204.041","212.512","215.856"
"IMF.RES:WEO(6.0.0)","HTI.PPPEX.A","OBS_VALUE","Haiti","21.465","24.487","27.425","30.618","35.146","41.554","47.5","57.545","73.049","92.107"
"IMF.RES:WEO(6.0.0)","HKG.PPPEX.A","OBS_VALUE","Hong Kong Special Administrative Region, People's Republic of China","5.965","6.006","6.07","6.247","6.19","6.147","5.872","5.574","5.53","5.507"
"IMF.RES:WEO(6.0.0)","GEO.PPPEX.A","OBS_VALUE","Georgia","0.755","0.765","0.808","0.811","0.797","0.797","0.866","0.874","0.864","0.878"
"IMF.RES:WEO(6.0.0)","ECU.PPPEX.A","OBS_VALUE","Ecuador","0.532","0.533","0.529","0.517","0.495","0.474","0.449","0.428","0.412","0.409"
"IMF.RES:WEO(6.0.0)","FJI.PPPEX.A","OBS_VALUE","Fiji, Republic of","0.925","0.94","0.939","0.96","0.972","0.935","0.91","0.87","0.874","0.899"
"IMF.RES:WEO(6.0.0)","GNQ.PPPEX.A","OBS_VALUE","Equatorial Guinea, Republic of","239.224","222.078","245.97","244.417","242.328","242.574","228.968","255.915","227.478","226.402"
"IMF.RES:WEO(6.0.0)","DEU.PPPEX.A","OBS_VALUE","Germany","0.745","0.747","0.745","0.735","0.718","0.707","0.702","0.695","0.712","0.718"
"IMF.RES:WEO(6.0.0)","IRQ.PPPEX.A","OBS_VALUE","Iraq","599.388","490.493","552.902","554.961","547.339","484.265","554.465","656.759","519.219","523.931"
"IMF.RES:WEO(6.0.0)","GTM.PPPEX.A","OBS_VALUE","Guatemala","3.269","3.326","3.324","3.291","3.229","3.158","3.213","3.189","3.282","3.321"
"IMF.RES:WEO(6.0.0)","IDN.PPPEX.A","OBS_VALUE","Indonesia","4574.616","4642.077","4756.169","4833.599","4847.445","4791.007","4808.429","4917.825","4819.774","4824.26"
"IMF.RES:WEO(6.0.0)","ETH.PPPEX.A","OBS_VALUE","Ethiopia, The Federal Democratic Republic of","7.221","8.001","8.336","9.32","10.368","11.791","13.731","17.092","21.806","26.813"
"IMF.RES:WEO(6.0.0)","EST.PPPEX.A","OBS_VALUE","Estonia, Republic of","0.517","0.525","0.535","0.539","0.529","0.515","0.524","0.567","0.591","0.603"
"IMF.RES:WEO(6.0.0)","GMB.PPPEX.A","OBS_VALUE","Gambia, The","13.47","14.386","14.688","14.72","15.26","14.659","14.742","15.241","16.835","18.304"
"IMF.RES:WEO(6.0.0)","FIN.PPPEX.A","OBS_VALUE","Finland","0.88","0.872","0.864","0.854","0.826","0.802","0.783","0.771","0.773","0.777"
"IMF.RES:WEO(6.0.0)","IND.PPPEX.A","OBS_VALUE","India","19.583","20.027","20.456","20.475","20.24","20.319","20.728","20.654","20.203","20.291"
"IMF.RES:WEO(6.0.0)","IRL.PPPEX.A","OBS_VALUE","Ireland","0.803","0.797","0.794","0.792","0.794","0.775","0.756","0.753","0.753","0.744"
"IMF.RES:WEO(6.0.0)","GAB.PPPEX.A","OBS_VALUE","Gabon","280.833","266.311","271.626","274.421","273.352","262.635","244.923","262.364","235.864","230.94"
"IMF.RES:WEO(6.0.0)","FRA.PPPEX.A","OBS_VALUE","France","0.783","0.781","0.77","0.756","0.706","0.693","0.686","0.661","0.67","0.668"
"IMF.RES:WEO(6.0.0)","MDG.PPPEX.A","OBS_VALUE","Madagascar, Republic of","890.271","960.91","990.84","1079.08","1121.694","1145.666","1173.855","1171.703","1229.328","1278.373"
"IMF.RES:WEO(6.0.0)","MUS.PPPEX.A","OBS_VALUE","Mauritius","16.338","16.57","16.545","17.128","16.836","16.625","16.629","17.007","17.707","18.06"
"IMF.RES:WEO(6.0.0)","FSM.PPPEX.A","OBS_VALUE","Micronesia, Federated States of","0.985","1.013","1.074","1.146","1.091","1.037","1.009","1.048","1.075","1.092"
"IMF.RES:WEO(6.0.0)","MLI.PPPEX.A","OBS_VALUE","Mali","204.741","205.554","205.839","206.166","201.951","201.444","203.723","191.116","190.012","190.218"
"IMF.RES:WEO(6.0.0)","MLT.PPPEX.A","OBS_VALUE","Malta","0.578","0.584","0.586","0.587","0.564","0.558","0.552","0.542","0.551","0.555"
"IMF.RES:WEO(6.0.0)","KGZ.PPPEX.A","OBS_VALUE","Kyrgyz Republic","15.474","16.255","16.98","18.493","18.71","18.364","19.919","22.248","24.357","25.263"
"IMF.RES:WEO(6.0.0)","KEN.PPPEX.A","OBS_VALUE","Kenya","37.242","39.049","41.279","42.17","42.656","42.817","42.332","42.264","43.287","44.268"
"IMF.RES:WEO(6.0.0)","KWT.PPPEX.A","OBS_VALUE","Kuwait","0.18","0.166","0.189","0.188","0.19","0.186","0.203","0.225","0.201","0.199"
"IMF.RES:WEO(6.0.0)","MRT.PPPEX.A","OBS_VALUE","Mauritania, Islamic Republic of","9.823","10.821","10.799","11.322","11.557","11.633","12.035","11.165","11.141","11.341"
"IMF.RES:WEO(6.0.0)","LUX.PPPEX.A","OBS_VALUE","Luxembourg","0.863","0.845","0.848","0.849","0.829","0.838","0.82","0.808","0.807","0.822"
"IMF.RES:WEO(6.0.0)","MEX.PPPEX.A","OBS_VALUE","Mexico","8.102","8.514","8.914","9.276","9.528","9.815","9.942","9.903","9.99","10.354"
"IMF.RES:WEO(6.0.0)","MNG.PPPEX.A","OBS_VALUE","Mongolia","721.874","736.482","801.669","824.526","851.149","822.065","870.185","956.167","1123.871","1207.074"
"IMF.RES:WEO(6.0.0)","LVA.PPPEX.A","OBS_VALUE","Latvia, Republic of","0.48","0.479","0.485","0.49","0.48","0.47","0.481","0.502","0.511","0.511"
"IMF.RES:WEO(6.0.0)","MDV.PPPEX.A","OBS_VALUE","Maldives","8.212","8.152","8.181","8.028","7.825","8.471","8.211","7.909","7.833","7.761"
"IMF.RES:WEO(6.0.0)","KIR.PPPEX.A","OBS_VALUE","Kiribati","1.047","1.055","1.046","1.062","1.01","1.042","1.09","0.993","0.991","1.022"
"IMF.RES:WEO(6.0.0)","MDA.PPPEX.A","OBS_VALUE","Moldova, Republic of","5.256","5.502","5.677","5.884","5.772","5.603","5.947","6.65","6.949","7.248"
"IMF.RES:WEO(6.0.0)","LSO.PPPEX.A","OBS_VALUE","Lesotho, Kingdom of","5.337","5.302","5.441","5.886","6.087","5.908","6.194","6.086","6.19","6.387"
"IMF.RES:WEO(6.0.0)","MAC.PPPEX.A","OBS_VALUE","Macao Special Administrative Region, People's Republic of China","5.141","5.137","5.155","5.212","5.243","5.163","4.897","4.629","4.76","4.757"
"IMF.RES:WEO(6.0.0)","KOR.PPPEX.A","OBS_VALUE","Korea, Republic of","861.187","870.675","872.625","854.871","847.548","829.359","827.274","786.18","773.292","777.241"
"IMF.RES:WEO(6.0.0)","JPN.PPPEX.A","OBS_VALUE","Japan","107.629","107.064","105.102","104.159","103.232","100.742","98.691","92.484","92.658","92.865"
"IMF.RES:WEO(6.0.0)","MWI.PPPEX.A","OBS_VALUE","Malawi","197.685","236.056","262.309","286.32","298.671","298.386","294.858","322.484","379.558","493.316"
"IMF.RES:WEO(6.0.0)","ITA.PPPEX.A","OBS_VALUE","Italy","0.695","0.697","0.69","0.681","0.647","0.632","0.617","0.597","0.61","0.606"
"IMF.RES:WEO(6.0.0)","KAZ.PPPEX.A","OBS_VALUE","Kazakhstan, Republic of","98.499","111.099","121.614","130.109","126.169","124.875","129.063","144.152","153.822","159.547"
"IMF.RES:WEO(6.0.0)","JAM.PPPEX.A","OBS_VALUE","Jamaica","63.026","65.266","68.533","71.633","74.132","77.281","81.327","85.63","91.951","95.419"
"IMF.RES:WEO(6.0.0)","LBY.PPPEX.A","OBS_VALUE","Libya","0.743","0.77","0.771","0.81","0.86","0.843","1.763","2.348","2.095","2.05"
"IMF.RES:WEO(6.0.0)","KOS.PPPEX.A","OBS_VALUE","Kosovo, Republic of","0.339","0.339","0.34","0.337","0.335","0.335","0.34","0.341","0.345","0.348"
"IMF.RES:WEO(6.0.0)","LTU.PPPEX.A","OBS_VALUE","Lithuania, Republic of","0.43","0.433","0.443","0.447","0.432","0.433","0.434","0.473","0.488","0.491"
"IMF.RES:WEO(6.0.0)","LBN.PPPEX.A","OBS_VALUE","Lebanon","613.799","613.309","619.013","629.079","637.469","1261.38","4099.508","10108.872","31355.748",""
"IMF.RES:WEO(6.0.0)","JOR.PPPEX.A","OBS_VALUE","Jordan","0.31","0.312","0.312","0.325","0.314","0.298","0.323","0.31","0.304","0.304"
"IMF.RES:WEO(6.0.0)","LBR.PPPEX.A","OBS_VALUE","Liberia","0.405","0.429","0.42","0.384","0.346","0.372","0.434","0.438","0.446","0.45"
"IMF.RES:WEO(6.0.0)","ISR.PPPEX.A","OBS_VALUE","Israel","3.841","3.818","3.752","3.785","3.817","3.747","3.651","3.57","3.588","3.623"
"IMF.RES:WEO(6.0.0)","SAU.PPPEX.A","OBS_VALUE","Saudi Arabia","1.671","1.616","1.689","1.854","1.862","1.921","1.909","2.103","1.97","1.954"
"IMF.RES:WEO(6.0.0)","STP.PPPEX.A","OBS_VALUE","São Tomé and Príncipe, Democratic Republic of","9.15","9.703","9.922","9.685","9.166","9.128","8.599","9.291","10.91","12.511"
"IMF.RES:WEO(6.0.0)","SRB.PPPEX.A","OBS_VALUE","Serbia, Republic of","40.115","40.353","40.821","41.004","39.65","39.76","40.651","41.874","45.27","46.748"
"IMF.RES:WEO(6.0.0)","NGA.PPPEX.A","OBS_VALUE","Nigeria","96.934","105.185","114.824","123.915","129.647","134.639","146.718","152.445","165.723","202.829"
"IMF.RES:WEO(6.0.0)","PAK.PPPEX.A","OBS_VALUE","Pakistan","31.829","32.586","33.246","34.682","37.671","40.075","43.441","45.591","55.488","66.928"
"IMF.RES:WEO(6.0.0)","NRU.PPPEX.A","OBS_VALUE","Nauru, Republic of","1.118","1.399","1.579","1.829","1.714","1.765","1.993","1.659","1.688","1.73"
"IMF.RES:WEO(6.0.0)","PRI.PPPEX.A","OBS_VALUE","Puerto Rico","0.937","0.949","0.952","0.91","0.879","0.853","0.804","0.773","0.771","0.765"
"IMF.RES:WEO(6.0.0)","SEN.PPPEX.A","OBS_VALUE","Senegal","246.457","246.47","243.584","238.688","229.867","224.087","212.331","215.265","215.831","214.917"
"IMF.RES:WEO(6.0.0)","PRT.PPPEX.A","OBS_VALUE","Portugal","0.573","0.577","0.576","0.571","0.551","0.543","0.538","0.527","0.545","0.547"
"IMF.RES:WEO(6.0.0)","MKD.PPPEX.A","OBS_VALUE","North Macedonia, Republic of","18.326","18.783","18.97","18.951","18.256","18.063","17.748","17.844","17.844","18.177"
"IMF.RES:WEO(6.0.0)","NOR.PPPEX.A","OBS_VALUE","Norway","9.782","9.535","9.75","9.584","9.481","9.588","8.962","10.722","9.25","9.312"
"IMF.RES:WEO(6.0.0)","NZL.PPPEX.A","OBS_VALUE","New Zealand","1.388","1.402","1.431","1.47","1.437","1.423","1.456","1.435","1.46","1.462"
"IMF.RES:WEO(6.0.0)","NLD.PPPEX.A","OBS_VALUE","Netherlands, The","0.788","0.785","0.782","0.777","0.767","0.748","0.734","0.727","0.753","0.766"
"IMF.RES:WEO(6.0.0)","NER.PPPEX.A","OBS_VALUE","Niger","252.214","253.219","250.788","251.853","231.897","222.843","212.888","206.655","206.459","212.4"
"IMF.RES:WEO(6.0.0)","NAM.PPPEX.A","OBS_VALUE","Namibia","5.993","6.41","6.922","7.13","7.115","6.826","6.717","6.674","6.856","6.924"
"IMF.RES:WEO(6.0.0)","PRY.PPPEX.A","OBS_VALUE","Paraguay","2388.952","2464.313","2473.23","2537.227","2567.449","2538.992","2628.084","2650.778","2611.568","2621.529"
"IMF.RES:WEO(6.0.0)","PER.PPPEX.A","OBS_VALUE","Peru","1.661","1.708","1.744","1.754","1.731","1.706","1.734","1.68","1.74","1.744"
"IMF.RES:WEO(6.0.0)","QAT.PPPEX.A","OBS_VALUE","Qatar","2.428","2.189","2.318","2.35","2.263","2.29","2.235","2.627","2.264","2.264"
"IMF.RES:WEO(6.0.0)","WSM.PPPEX.A","OBS_VALUE","Samoa","1.994","2.02","1.99","1.967","1.964","1.962","1.869","1.843","1.936","1.98"
"IMF.RES:WEO(6.0.0)","NPL.PPPEX.A","OBS_VALUE","Nepal","26.996","28.654","30.475","31.11","31.875","31.695","32.482","32.819","33.395","34.252"
"IMF.RES:WEO(6.0.0)","PHL.PPPEX.A","OBS_VALUE","Philippines","19.533","19.597","19.699","19.965","19.738","19.441","19.375","19.079","19.262","19.359"
"IMF.RES:WEO(6.0.0)","MMR.PPPEX.A","OBS_VALUE","Myanmar","353.655","354.176","366.639","343.601","350.685","354.56","410.473","445.937","508.357","551.11"
"IMF.RES:WEO(6.0.0)","OMN.PPPEX.A","OBS_VALUE","Oman","0.215","0.193","0.204","0.203","0.198","0.184","0.193","0.21","0.195","0.19"
"IMF.RES:WEO(6.0.0)","MAR.PPPEX.A","OBS_VALUE","Morocco","4.009","4.01","3.937","4.213","4.193","4.028","3.946","3.782","3.883","3.933"
"IMF.RES:WEO(6.0.0)","POL.PPPEX.A","OBS_VALUE","Poland, Republic of","1.758","1.743","1.743","1.748","1.699","1.698","1.723","1.779","1.901","1.925"
"IMF.RES:WEO(6.0.0)","PAN.PPPEX.A","OBS_VALUE","Panama","0.463","0.468","0.468","0.498","0.496","0.492","0.501","0.479","0.47","0.469"
"IMF.RES:WEO(6.0.0)","RWA.PPPEX.A","OBS_VALUE","Rwanda","289.815","301.534","320.42","312.666","311.861","321.472","300.029","324.666","345.118","352.233"
"IMF.RES:WEO(6.0.0)","RUS.PPPEX.A","OBS_VALUE","Russian Federation","22.88","23.309","24.124","24.698","23.934","23.145","23.685","25.59","26.435","28.377"
"IMF.RES:WEO(6.0.0)","MOZ.PPPEX.A","OBS_VALUE","Mozambique, Republic of","19.807","22.006","23.344","23.551","23.379","22.756","22.907","23.34","23.723","23.925"
"IMF.RES:WEO(6.0.0)","NIC.PPPEX.A","OBS_VALUE","Nicaragua","9.941","10.3","10.536","10.82","10.846","10.61","10.564","10.741","11.459","11.766"
"IMF.RES:WEO(6.0.0)","ROU.PPPEX.A","OBS_VALUE","Romania","1.544","1.569","1.614","1.666","1.637","1.615","1.638","1.73","1.874","1.952"
"IMF.RES:WEO(6.0.0)","MNE.PPPEX.A","OBS_VALUE","Montenegro","0.33","0.344","0.351","0.348","0.33","0.321","0.326","0.342","0.36","0.369"
"IMF.RES:WEO(6.0.0)","SMR.PPPEX.A","OBS_VALUE","San Marino, Republic of","0.76","0.763","0.763","0.746","0.725","0.705","0.707","0.679","0.689","0.689"
"IMF.RES:WEO(6.0.0)","ZAF.PPPEX.A","OBS_VALUE","South Africa","5.842","6.189","6.413","6.855","7.065","7.249","7.376","7.229","7.313","7.47"
"IMF.RES:WEO(6.0.0)","TZA.PPPEX.A","OBS_VALUE","Tanzania, United Republic of","817.184","869.977","889.449","849.043","815.964","779.039","762.958","744.285","754.931","772.67"
"IMF.RES:WEO(6.0.0)","TWN.PPPEX.A","OBS_VALUE","Taiwan Province of China","16.02","15.989","15.575","15.57","15.274","14.654","14.396","13.714","13.569","13.529"
"IMF.RES:WEO(6.0.0)","LCA.PPPEX.A","OBS_VALUE","St. Lucia","1.892","1.866","1.897","1.803","1.702","1.523","1.478","1.438","1.409","1.401"
"IMF.RES:WEO(6.0.0)","ARE.PPPEX.A","OBS_VALUE","United Arab Emirates","2.368","2.216","2.285","2.235","2.114","2.089","2.363","2.484","2.366","2.356"
"IMF.RES:WEO(6.0.0)","SVK.PPPEX.A","OBS_VALUE","Slovak Republic","0.527","0.519","0.516","0.526","0.51","0.489","0.487","0.489","0.519","0.529"
"IMF.RES:WEO(6.0.0)","UGA.PPPEX.A","OBS_VALUE","Uganda","1177.257","1233.249","1251.634","1253.71","1258.259","1240.85","1203.161","1205.57","1209.68","1237.24"
"IMF.RES:WEO(6.0.0)","SLB.PPPEX.A","OBS_VALUE","Solomon Islands","7.881","7.834","7.894","8.324","8.29","8.073","7.296","6.948","6.967","7.044"
"IMF.RES:WEO(6.0.0)","SOM.PPPEX.A","OBS_VALUE","Somalia","0.295","0.319","0.32","0.328","0.349","0.356","0.394","0.385","0.384","0.418"
"IMF.RES:WEO(6.0.0)","TTO.PPPEX.A","OBS_VALUE","Trinidad and Tobago","4.0","3.933","4.181","4.149","3.966","3.86","3.927","4.429","3.939","3.801"
"IMF.RES:WEO(6.0.0)","GBR.PPPEX.A","OBS_VALUE","United Kingdom","0.677","0.684","0.685","0.688","0.67","0.653","0.645","0.635","0.657","0.656"
"IMF.RES:WEO(6.0.0)","TKM.PPPEX.A","OBS_VALUE","Turkmenistan","1.571","1.492","1.536","1.492","1.503","1.529","1.502","1.703","1.607","1.655"
"IMF.RES:WEO(6.0.0)","KNA.PPPEX.A","OBS_VALUE","St. Kitts and Nevis","1.98","1.987","2.051","2.008","1.961","1.863","1.843","1.779","1.806","1.852"
"IMF.RES:WEO(6.0.0)","SVN.PPPEX.A","OBS_VALUE","Slovenia, Republic of","0.573","0.573","0.57","0.568","0.544","0.532","0.533","0.53","0.563","0.569"
"IMF.RES:WEO(6.0.0)","TON.PPPEX.A","OBS_VALUE","Tonga","1.475","1.5","1.55","1.585","1.63","1.594","1.582","1.539","1.637","1.672"
"IMF.RES:WEO(6.0.0)","TJK.PPPEX.A","OBS_VALUE","Tajikistan, Republic of","2.077","2.179","2.351","2.488","2.399","2.357","2.544","2.518","2.502","2.552"
"IMF.RES:WEO(6.0.0)","TLS.PPPEX.A","OBS_VALUE","Timor-Leste, Democratic Republic of","0.372","0.369","0.366","0.342","0.343","0.266","0.393","0.409","0.342","0.31"
"IMF.RES:WEO(6.0.0)","SWE.PPPEX.A","OBS_VALUE","Sweden","8.754","8.815","8.852","8.866","8.584","8.436","8.312","8.207","8.397","8.404"
"IMF.RES:WEO(6.0.0)","VCT.PPPEX.A","OBS_VALUE","St. Vincent and the Grenadines","1.609","1.584","1.589","1.549","1.538","1.47","1.44","1.451","1.45","1.467"
"IMF.RES:WEO(6.0.0)","SSD.PPPEX.A","OBS_VALUE","South Sudan, Republic of","8.337","23.682","37.191","59.579","81.967","104.355","126.743","292.309","427.46","1142.499"
"IMF.RES:WEO(6.0.0)","TGO.PPPEX.A","OBS_VALUE","Togo","240.361","238.099","231.84","228.707","218.59","208.468","202.174","195.625","194.276","193.917"
"IMF.RES:WEO(6.0.0)","TUN.PPPEX.A","OBS_VALUE","Tunisia","0.725","0.754","0.776","0.811","0.829","0.837","0.877","0.844","0.887","0.922"
"IMF.RES:WEO(6.0.0)","SDN.PPPEX.A","OBS_VALUE","Sudan","2.956","4.109","4.773","7.085","10.974","25.951","85.723","105.385","177.488","524.383"
"IMF.RES:WEO(6.0.0)","CHE.PPPEX.A","OBS_VALUE","Switzerland","1.232","1.213","1.188","1.179","1.134","1.105","1.046","1.006","0.98","0.969"
"IMF.RES:WEO(6.0.0)","TUV.PPPEX.A","OBS_VALUE","Tuvalu","1.251","1.343","1.359","1.425","1.492","1.492","1.552","1.591","1.641","1.669"
"IMF.RES:WEO(6.0.0)","SYC.PPPEX.A","OBS_VALUE","Seychelles","7.994","7.736","7.777","7.994","7.85","7.965","8.456","8.014","7.663","7.538"
"IMF.RES:WEO(6.0.0)","TUR.PPPEX.A","OBS_VALUE","Türkiye, Republic of","1.185","1.269","1.384","1.633","1.837","2.111","2.726","4.988","8.099","12.659"
"IMF.RES:WEO(6.0.0)","SLE.PPPEX.A","OBS_VALUE","Sierra Leone","2049.634","2149.292","2300.201","2541.013","2811.343","3055.827","3243.864","3844.103","4794.656","5828.728"
"IMF.RES:WEO(6.0.0)","THA.PPPEX.A","OBS_VALUE","Thailand","12.169","12.373","12.386","12.153","11.829","11.407","11.148","10.897","10.648","10.337"
"IMF.RES:WEO(6.0.0)","LKA.PPPEX.A","OBS_VALUE","Sri Lanka","45.528","47.554","49.274","49.968","51.709","55.16","55.527","76.432","",""
"IMF.RES:WEO(6.0.0)","SGP.PPPEX.A","OBS_VALUE","Singapore","0.878","0.874","0.883","0.868","0.854","0.835","0.811","0.859","0.804","0.805"
"IMF.RES:WEO(6.0.0)","ZMB.PPPEX.A","OBS_VALUE","Zambia","3.422","3.849","4.163","4.448","4.828","5.529","6.441","6.379","6.733","7.901"
"IMF.RES:WEO(6.0.0)","VUT.PPPEX.A","OBS_VALUE","Vanuatu","119.827","120.571","124.804","125.921","127.939","129.778","124.979","129.759","133.984","135.092"
"IMF.RES:WEO(6.0.0)","VNM.PPPEX.A","OBS_VALUE","Vietnam","6973.816","7033.869","7211.6","7275.826","7191.188","7064.954","7120.011","6915.432","6802.461","6914.556"
"IMF.RES:WEO(6.0.0)","VEN.PPPEX.A","OBS_VALUE","Venezuela, República Bolivariana de","","","","","0.004","0.089","1.115","3.288","13.786","22.36"
"IMF.RES:WEO(6.0.0)","WBG.PPPEX.A","OBS_VALUE","West Bank and Gaza","2.265","2.245","2.134","2.058","2.003","1.869","2.098","2.071","2.097",""
"IMF.RES:WEO(6.0.0)","ZWE.PPPEX.A","OBS_VALUE","Zimbabwe","","","","","0.002","0.01","0.019","0.066","0.648","4.906"
"IMF.RES:WEO(6.0.0)","USA.PPPEX.A","OBS_VALUE","United States","1.0","1.0","1.0","1.0","1.0","1.0","1.0","1.0","1.0","1.0"
"IMF.RES:WEO(6.0.0)","URY.PPPEX.A","OBS_VALUE","Uruguay","21.11","22.447","23.305","24.254","25.045","25.734","26.462","25.75","25.708","26.516"
"IMF.RES:WEO(6.0.0)","UKR.PPPEX.A","OBS_VALUE","Ukraine","4.315","5.006","6.004","6.628","6.58","6.435","7.302","9.196","10.517","11.504"
"IMF.RES:WEO(6.0.0)","PLW.PPPEX.A","OBS_VALUE","Palau, Republic of","1.071","1.119","1.089","1.054","1.0","0.964","0.949","0.977","1.031","1.045"
"IMF.RES:WEO(6.0.0)","YEM.PPPEX.A","OBS_VALUE","Yemen, Republic of","143.128","141.971","165.35","185.658","194.762","250.341","320.957","388.448","371.573","423.502"
